ROUGE-1,ROUGE-2,ROUGE-L,ROUGE-Lsum
39.182549418616226,14.042491374541035,25.22514870465366,25.22514870465366
